지역,1인가구비율,1인당 자동차 등록대수,EQ-5D지표,가구수,건강보험 적용인구 현황,고령인구비율,교원1인당 학생수,남녀성비,노인 천명당 노인여가복지시설수,대학교 수,대학교 학생수,도시지역면적,등록외국인 현황,비만율,사망률,사망자수,소년·소녀가정현황,순이동인구,스트레스 인지율,아파트매매가격지수,아파트월세통합가격지수,유아 천명당 보육시설수,음주율,흡연율,인구 십만명당 문화기반시설수,인구 십만명당 사회복지시설수,인구 십만명당 자살률,인구 천명당 사설학원수,인구 천명당 사업체수,인구 천명당 외국인수,인구 천명당 의료기관병상수,인구 천명당 의료기관종사의사수,인구 천명당 종사자수,인구증가율,일반회계중 사회복지예산비중,일반회계중 일반공공행정예산비중,자동차 천대당 교통사고발생건수,장애인고용률,재정자주도,전입인구,전출인구,조이혼율,조혼인율,주관적건강수준 인지율,주민등록인구,주택월세통합가격지수,지가변동률,초등학교수,출생아수,토지거래 면적,토지거래현황,폐수배출업소수,합계출산율,총합계,공원율,다문화학생수,한부모가구수,아파트비율,주택보급율, cctv대수,단순직비율,전문직비율,서비스.사무직,1차산업비율,2차산업비율,3차산업비율,체육시설,강력범죄발생건수,유치원 교원비율,초등학교 교원비율
강남구,0.3891213389121341,1.0,0.5172413793103487,0.8699327643039578,0.8648421993707459,0.021238938053097067,0.1849957374254052,0.0,0.47953216374269014,0.0,0.0,0.8108108108108109,0.08754154604910476,0.0,0.0,0.5120540019286404,0.16666666666666666,0.6886586177393288,1.0,0.0,0.4893617021276597,0.07105263157894726,0.20833333333333393,0.38157894736842124,0.0830945558739255,0.046347211311861786,0.3441558441558441,0.9999999999999999,0.17176206696020602,0.03504482477587612,0.5591939546599497,0.5008987417615337,0.33108577653400445,0.777027027027027,0.4145638067772168,0.7984644913627638,0.47923322683706066,0.0,0.8588235294117645,1.0,1.0000000000000002,0.09090909090909083,0.25,0.5524861878453042,0.8432251028398579,0.46666666666666856,1.0,0.7000000000000001,0.7388343681153615,0.5525,0.5525,0.21826280623608016,0.12359550561797761,0.8990846344010559,0.16171993911719937,0.001892854558648171,0.3239277652370203,0.6867195907735083,0.4535519125683063,1.0,0.043293792833102585,0.9292554488843058,0.3663769866112041,0.7046764894298528,0.021874666570618595,0.9776834713233713,1.0,1.0,0.9999999999999996,0.3855980076478196
강동구,0.17991631799163177,0.36842105263157876,0.2758620689655231,0.6085103363967779,0.6074841874619132,0.17345132743362823,0.1346973572037511,0.6046128500823711,0.21637426900584789,0.0,0.0,0.4054054054054054,0.07140559665487295,0.08450704225352057,0.36293136874757637,0.5631629701060753,0.0,0.0,0.09345794392523343,0.3714285714285719,1.0,0.4903508771929824,0.14583333333333304,0.46052631578947345,0.025787965616045846,0.48232521602513745,0.6168831168831168,0.28846153846153844,0.04284705491401512,0.04563977180114099,0.5602015113350126,0.1390053924505692,0.042506370164466074,0.0,0.701153568853641,0.18426103646833003,0.12332268370607019,0.40731707317073157,0.3176470588235294,0.6064052272804351,0.7780022495713803,0.36363636363636354,0.25,0.541436464088398,0.6227914450707018,1.0,0.5565217391304349,0.4666666666666667,0.5926296815541758,0.5630000000000001,0.5630000000000001,0.21603563474387524,0.6264044943820224,0.5909938513141477,0.10578386605783865,0.005214434935321333,0.44093303235515424,0.46793518207971097,0.16393442622950793,0.22563176895306863,0.5879296397967411,0.3131988321542535,0.49399688466577985,0.8620157395050178,0.2415229865367683,0.7579194185557361,0.11336032388663969,0.43339492692759957,0.0,0.434276326991216
강북구,0.35564853556485365,0.0,0.0,0.39268484358968764,0.35088838669129685,0.9823008849557517,0.16794543904518333,0.40691927512355885,0.08187134502923965,0.0,0.0,0.3783783783783784,0.04165326471534256,0.943661971830986,0.9999999999999998,0.5617164898746384,0.0,0.7474569826029089,0.5514018691588785,0.9571428571428573,0.2765957446808507,0.4912280701754387,0.0,0.9473684210526319,0.04558478770513155,0.7407698350353495,1.0,0.0,0.023739303813242504,0.05144661776691117,0.24130982367758186,0.011384062312762122,0.010893450782262455,0.5765765765765766,0.7267483777937995,0.3761996161228406,0.3552715654952076,1.0,0.1450980392156862,0.3098949795950666,0.3198541054677689,0.8181818181818181,0.0,0.5138121546961325,0.38374840291898704,0.0,0.21304347826086967,0.06666666666666665,0.2519527338273583,0.2735,0.2735,0.05345211581291759,0.3061797752808988,0.322600636177171,0.9999999999999999,0.0031460975405257267,0.809255079006772,0.09906810041902925,0.5846994535519121,0.19494584837545129,0.8635298076694551,0.0,0.5627826808041414,0.0,0.36873186907333144,0.631579919801637,0.14574898785425103,0.2675961699983202,0.5442772299370753,0.48338904924504345
강서구,0.2594142259414226,0.4736842105263157,0.6206896551724199,0.9009692418520379,0.8396682184699614,0.2106194690265486,0.1577152600170506,0.2883031301482708,0.5204678362573099,0.16666666666666666,0.021710319421357652,0.8378378378378378,0.12378042242950572,0.23943661971830954,0.5207444746025591,0.9083895853423337,1.0,0.9780872706531039,0.1495327102803734,0.14285714285714413,0.2765957446808507,0.47456140350877185,0.14583333333333304,0.5263157894736841,0.03230007814535035,0.401413982717989,0.6103896103896105,0.16346153846153846,0.023946996759990014,0.056438467807660965,0.2070528967254408,0.005392450569203122,0.050770367309630686,0.9954954954954954,1.0,0.0,0.06581469648562305,0.21951219512195125,0.0,0.8424920019444038,0.7813547661428588,0.45454545454545436,0.84375,0.24309392265193353,0.8667562092077916,0.08888888888888857,0.5913043478260871,0.7999999999999999,0.9825756058481874,0.7115,0.7115,0.3229398663697105,0.887640449438202,0.8716716501464241,0.04280821917808217,0.009092011898270838,0.8984198645598194,0.500927559853551,0.4480874316939891,0.2779783393501805,0.5220928141707071,0.30598275879435965,0.714280733795511,0.1948169043110888,0.10738591517439988,0.8926882566650249,0.5222672064777328,0.4906769695951621,0.9746217952496017,0.3288998114293573
관악구,1.0,0.05263157894736836,0.44827586206896797,1.0,0.7068027821661697,0.41946902654867246,0.0017050298380223428,0.8228995057660624,0.0,0.16666666666666666,0.2366233882923761,0.5405405405405406,0.46555698509703014,0.18309859154929597,0.347809228383094,0.6359691417550627,0.0,0.6816237284913014,0.19626168224299034,0.29999999999999893,0.12765957446808684,0.48245614035087725,0.48958333333333304,0.8947368421052628,0.025787965616045846,0.4925373134328359,0.5454545454545454,0.06089743589743593,0.013562349422613598,0.32915647921760394,0.1586901763224181,0.0,0.01806810284920083,0.7184684684684685,0.7876712328767121,0.3512476007677542,0.25750798722044727,0.6878048780487804,0.2666666666666664,0.8423337365333092,0.849311478274164,0.36363636363636354,0.78125,0.35359116022099446,0.7182047593481852,0.1777777777777807,0.40434782608695663,0.33333333333333326,0.6116563188463849,0.319,0.319,0.048997772828507785,0.05617977528089879,0.747247885597137,0.550228310502283,0.009144273180074311,0.5316027088036117,0.07538887900014529,0.0,0.6498194945848376,0.5450983657366488,0.46614532152771215,0.18242402853318573,0.24707996406109617,0.17501196318523338,0.8250228225848941,0.48987854251012153,0.6183436922560055,0.5276391621701921,0.5859632794732952
광진구,0.6987447698744772,0.21052631578947367,0.3793103448275872,0.5442926062564124,0.4310542774563161,0.14867256637168125,0.7007672634271103,0.3525535420098853,0.22807017543859653,0.5,0.4427759557931623,0.1891891891891892,0.3434116007290661,0.26760563380281654,0.40286932919736307,0.37753134040501446,0.0,0.7331970719650156,0.4018691588785046,0.5714285714285712,0.2978723404255348,0.493859649122807,0.4375,0.3157894736842106,0.039854128679343584,0.42498036135113904,0.3246753246753247,0.1762820512820513,0.04801860928802855,0.36073757131214346,0.2634760705289672,0.09526662672258836,0.05231047586850227,0.7117117117117117,0.4430425378514782,0.63915547024952,0.19105431309904147,0.2609756097560975,0.533333333333333,0.4385421494703762,0.4474026186758106,0.36363636363636354,0.625,0.5248618784530388,0.4389255643331357,0.06666666666666643,0.4565217391304348,0.33333333333333326,0.40957340276386944,0.1755,0.1755,0.042316258351893093,0.2528089887640448,0.4335880387201296,0.21860730593607305,0.06538841195694467,0.4115876598946576,0.0,0.48087431693989124,0.04151624548736462,0.5641525284624848,0.36353192095790765,0.42079378623727237,0.0,0.3851123176136928,0.6152023681606806,0.8259109311740891,0.5451033092558375,0.7146287610174942,0.46652619853185495
구로구,0.2594142259414226,0.5263157894736843,0.2758620689655231,0.6283863432949857,0.5664642381613709,0.40176991150442465,0.4168797953964196,0.6021416803953867,0.7543859649122806,0.5,0.18193764320050315,0.2702702702702703,0.8178674815053072,0.323943661971831,0.4020938348196974,0.502410800385728,0.0,0.6426941724498526,0.35514018691588767,0.5285714285714302,0.06382978723404165,0.5850877192982457,0.0,0.3026315789473686,0.05496222974733003,0.35428122545168894,0.3896103896103895,0.07692307692307696,0.09088643349671842,0.7267726161369193,0.36977329974811085,0.07249850209706409,0.10098354087235256,0.7184684684684685,0.738284066330209,0.236084452975048,0.1092651757188498,0.27073170731707313,0.2627450980392154,0.4185102702947129,0.4488440915990522,0.45454545454545436,0.65625,0.270718232044199,0.5543886757369021,0.13333333333333286,0.37391304347826093,0.4,0.671139595433607,0.3635,0.3635,0.2071269487750557,1.0,0.5634289669096124,0.14250380517503805,0.2148487053234007,0.392400300978179,0.4551842156271787,0.557377049180328,0.38989169675090257,0.6489885497796808,0.2971597976271593,0.3552923243844255,0.17311103904774622,0.4850765181676837,0.5150857735608572,0.2591093117408907,0.500923903913993,0.627489241183294,0.48849739658374736
금천구,0.5606694560669457,0.6315789473684208,0.5517241379310391,0.2596542164203541,0.20141668115313566,0.4761061946902654,0.037510656436487766,1.0000000000000009,0.23976608187134496,0.0,0.0,0.08108108108108109,0.47936099496086626,1.0,0.6948429623885224,0.21697203471552562,0.6666666666666666,0.818851601863295,0.27102803738317727,0.5285714285714302,0.0,0.8561403508771929,0.5729166666666661,0.8157894736842106,0.0408960666840323,0.7454831107619796,0.5974025974025974,0.06089743589743593,0.17103514164658967,0.7993072534637327,0.33098236775818635,0.012582384661473933,0.24037588665802703,0.6801801801801801,0.592645998558039,0.9846449136276391,0.10287539936102236,0.3048780487804877,0.3490196078431371,0.15801670830554268,0.1567383399036834,0.909090909090909,0.34375,0.0,0.20680398601490171,0.11111111111111072,0.4478260869565218,0.16666666666666663,0.19607450430602844,0.237,0.237,0.4164810690423162,0.7668539325842696,0.17320539172501764,0.16628614916286152,0.009428053062410631,0.4356659142212189,0.1547767465983616,0.6994535519125682,0.4314079422382672,0.9999999999999998,0.05175013940921369,0.0,0.4309935410334346,1.0,0.0,0.2064777327935223,0.18763648580547626,0.7138951713046393,0.8443145640755523
노원구,0.10460251046025104,0.21052631578947367,1.0,0.8218035757165623,0.7986215249189553,0.293805309734513,0.5532821824381928,0.2405271828665576,0.7017543859649122,1.0,0.5676917202030639,0.6756756756756758,0.04393159644044173,0.15492957746478808,0.6723536254362152,1.0,0.16666666666666666,0.4910162562981271,0.1308411214953269,0.5571428571428587,0.2765957446808507,0.9999999999999999,0.17708333333333304,0.3421052631578947,0.04271945819223756,0.4296936370777691,0.6688311688311688,0.21474358974358979,0.0,0.0065199674001629945,0.22972292191435767,0.06890353505092868,0.00737812169361856,0.5405405405405406,0.935472242249459,0.4548944337811899,0.022364217252396124,0.8878048780487806,0.0117647058823529,0.6042347302139975,0.6630993851899578,0.2727272727272727,0.09375,0.5580110497237567,0.8396483896372591,0.022222222222222143,0.42173913043478284,0.9999999999999999,0.7121970759062688,0.309,0.309,0.15812917594654788,0.7949438202247192,0.8355820273328334,0.6046423135464231,0.005647600167142249,1.0,1.0,0.5409836065573774,0.759927797833935,0.5223236450032341,0.287411366151343,0.7671702259147972,0.25098319034897026,0.0,1.0,0.8016194331983806,0.41424491852847306,0.578324495000953,0.29103840971451467
도봉구,0.07949790794979072,0.21052631578947367,0.6551724137931032,0.384444104870222,0.4021475633122372,0.6194690265486726,0.2762148337595911,0.4093904448105441,0.42105263157894735,0.16666666666666666,0.08065276966620244,0.29729729729729726,0.0,0.3943661971830985,0.7797595967429232,0.5241080038572806,0.5,0.8068732769274645,0.26168224299065423,0.757142857142858,0.3404255319148959,0.8552631578947368,0.4166666666666661,0.15789473684210575,0.0489710862203699,0.9999999999999999,0.7077922077922079,0.1121794871794872,0.015763894658137406,0.0,0.3244332493702771,0.0005991611743559055,0.00606652517701857,0.6869369369369369,0.7173756308579669,0.8829174664107483,0.012779552715654896,0.8390243902439025,0.30980392156862746,0.32651284775997924,0.32225656033983824,0.6363636363636365,0.0,0.3646408839779003,0.4218519966552493,0.13333333333333286,0.30000000000000004,0.3666666666666666,0.3154416182655718,0.271,0.271,0.10690423162583518,0.553370786516854,0.36951870397899017,0.7722602739726027,0.0032703060710583477,0.5872836719337847,0.5386406291523888,0.6065573770491808,0.021660649819494594,0.7050285664816269,0.09822714248691622,0.7595432656659753,0.7024809381894183,0.20956756279490796,0.7900259258012863,0.1862348178137652,0.0,0.4918455658231422,0.3475610538106366
동대문구,0.673640167364017,0.21052631578947367,0.6551724137931032,0.5340326136785347,0.4159113007830334,0.7451327433628316,1.0,0.6861614497528832,0.3450292397660819,0.6666666666666666,0.8101554427422616,0.13513513513513514,0.312855151710089,0.2816901408450705,0.8030244280728962,0.5515911282545806,0.16666666666666666,0.7389961022910922,0.28037383177570074,0.7428571428571438,0.2765957446808507,0.5377192982456139,1.0,0.35526315789473717,0.06147434227663455,0.46897093479968577,0.857142857142857,0.08974358974358973,0.09690952895239678,0.3287489812550938,0.7763224181360202,0.17914919113241462,0.0699059031234153,0.6936936936936937,0.6589762076423935,0.3339731285988484,0.5942492012779552,0.2024390243902438,0.2980392156862741,0.40597338880159173,0.41460910967206493,0.5454545454545454,0.28125,0.48066298342541414,0.43852150049853245,0.13333333333333286,0.32608695652173925,0.29999999999999993,0.3566993791307831,0.22000000000000003,0.22000000000000003,0.07349665924276169,0.41292134831460636,0.46377711369404334,0.015030441400304406,0.005419940209951615,0.4130925507900677,0.3700828040740286,1.0,0.3032490974729242,0.627758835009246,0.15407698941332748,0.8324842779029549,0.19646429220897305,0.49776624929270985,0.5023753432408178,0.08502024291497975,0.3453720813035444,0.7795016552952343,0.41115888016097024
동작구,0.5648535564853557,0.10526315789473673,0.2758620689655231,0.6068567312100241,0.5057681617339443,0.5327433628318583,0.63768115942029,0.337726523887973,0.3508771929824561,0.5,0.49485601329799184,0.16216216216216217,0.271630749437118,0.3943661971830985,0.4335013571151609,0.476374156219865,0.5,0.5262857686091833,0.542056074766355,0.35714285714285765,0.25531914893617014,0.3464912280701754,0.30208333333333304,0.22368421052631593,0.020317791091430063,0.24587588373919875,0.5129870129870131,0.13461538461538466,0.008286948575226369,0.25050937245313776,0.28916876574307304,0.09286998202516474,0.026059763724808886,0.4932432432432432,0.7858687815428984,0.5220729366602687,0.2383386581469648,0.1341463414634146,0.2313725490196077,0.5269786002554856,0.5803675755954267,0.18181818181818188,0.625,0.16022099447513805,0.5142610214958219,0.2888888888888914,0.37826086956521743,0.29999999999999993,0.5481674344081714,0.5175000000000001,0.5175000000000001,0.0,0.5589887640449436,0.5247437498359564,0.3774733637747336,0.004320976653284833,0.3201655379984951,0.26342431762936847,0.5355191256830603,0.13176895306859207,0.38197270564124686,0.4673890474802439,0.6730461517337591,0.0,0.059563905401811335,0.9406932067963716,0.008097165991902855,0.2368553670418277,0.7332991734598235,0.3390127377043779
마포구,0.5774058577405857,0.36842105263157876,0.3103448275862064,0.5682726101857714,0.4823745837926021,0.38053097345132736,0.536231884057971,0.04942339373970306,0.6432748538011697,0.3333333333333333,0.31346870928613146,0.3783783783783784,0.2334351881633966,0.30985915492957705,0.4280728964715004,0.43587270973963355,0.16666666666666666,0.9365909306968342,0.5607476635514015,0.47142857142857153,0.1489361702127674,0.37631578947368405,0.510416666666667,0.7236842105263155,0.04871060171919771,0.1791044776119403,0.5649350649350648,0.24679487179487178,0.1022264683891335,0.22341075794621026,0.0,0.028759736369083286,0.1487957728402482,0.9864864864864864,0.5529920692141312,0.24568138195777356,0.3559105431309904,0.24146341463414628,0.5098039215686276,0.5811279801942143,0.5384119773295624,0.18181818181818188,1.0,0.45856353591160204,0.4899461061153939,0.2888888888888914,0.7869565217391306,0.33333333333333326,0.5447626677348287,0.3335,0.3335,0.05790645879732739,0.4859550561797752,0.5160026438157264,0.19824961948249623,0.00401270088905693,0.2689992475545523,0.3187636322419999,0.4207650273224042,0.2509025270758123,0.3299321984213709,0.46609658600927795,0.8344392884359992,0.0,0.12605894309032434,0.8742099288246186,0.2388663967611336,0.535864270115908,0.5661366181410972,0.5604005482337135
서대문구,0.5523012552301257,0.1578947368421051,0.3793103448275872,0.3800617782531817,0.3330442407211778,0.805309734513274,0.7203751065643649,0.23146622734761202,0.22807017543859653,1.0,0.8036636865986792,0.21621621621621623,0.2402969872413423,0.09859154929577452,0.7285769678169831,0.3987463837994214,0.0,0.9999999999999999,0.4766355140186911,0.5714285714285712,0.2978723404255348,0.3570175438596489,0.5833333333333339,0.7894736842105261,0.09169054441260746,0.5946582875098193,0.48051948051948057,0.08653846153846154,0.03713549887845809,0.299918500407498,0.5057934508816121,0.2971839424805272,0.056802459165211074,0.9999999999999999,0.48485940879596257,0.7927063339731285,0.2134185303514376,0.09512195121951217,0.47843137254901946,0.40302286935190323,0.3517958350168718,0.2727272727272727,0.125,0.6077348066298343,0.3487070892625648,0.2888888888888914,0.4652173913043478,0.19999999999999996,0.25415581814540356,0.21600000000000003,0.21600000000000003,0.033407572383073486,0.2808988764044944,0.37015195557636055,0.3987823439878234,0.003074140090492302,0.3115124153498871,0.2458212827795372,0.7377049180327866,0.06859205776173286,0.4752818631804905,0.25611397928606483,1.0,0.0,0.0799651560246128,0.9202955641560191,0.42914979757085026,0.2292961532000672,0.8777649892003283,0.48174650790263174
서초구,0.17991631799163177,0.8947368421052633,0.7931034482758648,0.55226593027571,0.616382381651916,0.12212389380530952,0.0,0.035420098846786985,0.368421052631579,0.16666666666666666,0.02328271710319421,1.0,0.06687573710732282,0.028169014084507005,0.028693291973633128,0.34088717454194795,0.3333333333333333,0.65105998669075,0.570093457943925,0.4571428571428573,0.7021276595744688,0.0,0.520833333333333,0.09210526315789513,0.05626465225319094,0.04320502749410843,0.0,0.625,0.12542577054083243,0.044519152404237976,0.27355163727959697,0.2390653085680048,0.25313499740184936,0.6914414414414414,0.3756308579668348,0.7715930902111322,0.2389776357827475,0.24390243902439018,0.8470588235294116,0.6383183169603998,0.659255457394647,0.0,0.375,0.701657458563536,0.6005417448449124,0.2888888888888914,0.6695652173913045,0.4,0.6352894051672341,1.0,1.0,0.2783964365256124,0.5589887640449436,0.5992526311656579,0.4868721461187214,0.0,0.13920240782543264,0.6836955620158119,0.6010928961748627,0.552346570397112,0.0,0.9999999999999999,0.2934038283217024,0.1377391652778916,0.09841308584675118,0.9017155751231467,0.6842105263157895,0.4669914328909794,0.2720941184638108,0.0
성동구,0.4476987447698745,0.4736842105263157,0.8275862068965552,0.34595821781745945,0.30746336515262374,0.438938053097345,0.39727195225916456,0.5461285008237224,1.0,0.3333333333333333,0.3213756233433667,0.1891891891891892,0.1625120617561917,0.16901408450704203,0.45715393563396645,0.2675988428158149,0.0,0.926323795037551,0.1495327102803734,0.6571428571428566,0.2978723404255348,0.3973684210526315,0.47916666666666696,0.3157894736842106,0.09742120343839542,0.0,0.7272727272727271,0.07692307692307696,0.0893702749854615,0.218520782396088,0.22065491183879093,0.09406830437387655,0.11563022369137727,0.9301801801801801,0.42465753424657526,0.4625719769673703,0.19488817891373794,0.1926829268292682,0.5647058823529412,0.31683604833877843,0.2854662400489228,0.45454545454545436,0.59375,0.5524861878453042,0.3203889488541236,0.1777777777777807,0.31304347826086976,0.2666666666666666,0.36991788503905465,0.19,0.19,0.6391982182628062,0.792134831460674,0.30526636708494675,0.19330289193302888,0.005564849737185329,0.2234762979683973,0.49622052098582914,0.8360655737704921,0.3808664259927798,0.6034707902623906,0.3881547408477727,0.23062329532524117,0.0,0.9668313391121439,0.03358622427781466,0.0688259109311741,0.11657987569292799,0.5025610460568077,0.8243086136081157
성북구,0.4100418410041843,0.10526315789473673,0.24137931034483273,0.6724060774083696,0.6013616644093246,0.607079646017699,0.8098891730605287,0.32125205930807166,0.33333333333333326,1.0,1.0,0.4054054054054054,0.22209713734319714,0.23943661971830954,0.6359053896859246,0.7063645130183221,0.0,0.5259530373609658,0.5607476635514015,0.7428571428571438,0.3404255319148959,0.5833333333333331,0.40625,0.5789473684210527,0.06538160979421724,0.4642576590730557,0.35064935064935066,0.0801282051282051,0.018297748608457245,0.17013039934800325,0.27758186397984885,0.05751947273816656,0.022494349804982182,0.5405405405405406,0.6600576784426819,0.5105566218809979,0.28562300319488815,0.4853658536585365,0.2705882352941178,0.5282221141997988,0.5816452447773908,0.36363636363636354,0.0,0.5469613259668509,0.6239456459315823,0.2666666666666657,0.30000000000000004,0.5666666666666667,0.522331263769277,0.28650000000000003,0.28650000000000003,0.0779510022271715,0.5,0.6518870937013439,0.4937214611872145,0.0063100448132075385,0.519563581640331,0.34296565452627925,0.2459016393442619,0.5956678700361011,0.5987620043737918,0.2807035373429986,0.5549458379370558,0.0,0.4733781027452255,0.5269521929252958,0.5020242914979758,0.2502939694271796,0.696916952111192,0.3109098559383212
송파구,0.13389121338912136,0.5263157894736843,0.5172413793103487,0.9801185356589317,0.9999999999999999,0.0,0.19522591645353815,0.27347611202635846,0.20467836257309946,0.16666666666666666,0.03616514668224089,0.6486486486486487,0.13881741181516027,0.09859154929577452,0.06320279177975952,0.6933461909353905,0.3333333333333333,0.5286624203821655,0.11214953271028039,0.29999999999999893,0.12765957446808684,0.4184210526315789,0.8645833333333339,0.0,0.04584527220630373,0.20738413197172037,0.2857142857142858,0.314102564102564,0.04936861344188752,0.05277098614506926,0.3879093198992443,0.16536848412222888,0.08828390586555979,0.6981981981981982,0.599495313626532,0.36084452975047976,0.17316293929712462,0.2512195121951219,0.49411764705882333,0.9260335296578077,0.965306367597436,0.18181818181818188,0.46875,0.6574585635359118,1.0,0.1999999999999993,0.673913043478261,0.8666666666666666,1.0,0.35400000000000004,0.35400000000000004,0.3429844097995546,0.547752808988764,1.0,0.09246575342465754,0.004859404043272668,0.5139202407825433,0.5050750476106849,0.17486338797814227,0.06859205776173286,0.29347867467802224,0.6336848627493848,0.4612944640224814,0.9999999999999999,0.14887224704969776,0.850418210122923,0.4493927125506073,0.6910801276667227,0.5421648137691695,0.3926881145536738
양천구,0.0,0.42105263157894735,0.6896551724137936,0.6037623611080791,0.6598933668527939,0.010619469026548645,0.23699914748508122,0.495881383855024,0.6608187134502925,0.0,0.0,0.1891891891891892,0.06644687466495122,0.0,0.3346258239627762,0.5829315332690453,0.3333333333333333,0.781395569921095,0.2336448598130838,0.4285714285714288,0.23404255319149314,0.6885964912280701,0.33333333333333304,0.1184210526315792,0.012242771555092475,0.46347211311861747,0.6233766233766234,0.46153846153846145,0.01935698263686965,0.036165444172779136,0.22418136020151136,0.06530856800479327,0.02203419541849006,0.7635135135135135,0.6596971881759193,0.3435700575815738,0.09265175718849844,0.5682926829268291,0.30980392156862746,0.5257916096722776,0.5206119707774126,0.18181818181818188,0.0,0.6850828729281768,0.671193054591643,0.48888888888888715,0.40000000000000013,0.6,0.5247346284798718,0.22300000000000003,0.22300000000000003,0.1091314031180401,0.6207865168539324,0.6219990038066825,0.16210045662100456,0.08247296468193185,0.5342362678705793,0.5311478298238992,0.5683060109289615,0.0,0.47921399936138653,0.40318749138983134,0.5636979639037136,0.0,0.16776541888425034,0.8325108288644278,0.4858299595141701,0.31311943557869987,0.8656076986815253,0.1841374342443518
영등포구,0.5355648535564853,0.8421052631578947,0.8275862068965552,0.5842847475386932,0.4952825052485591,0.5504424778761061,0.04944586530264283,0.6614497528830308,0.7953216374269008,0.0,0.0,0.3783783783783784,1.0,0.52112676056338,0.569212873206669,0.48794599807135974,0.0,0.6527236429318375,0.1869158878504673,0.3714285714285719,0.2765957446808507,0.5035087719298245,0.19791666666666696,0.4342105263157894,0.04350091169575411,0.5200314218381776,0.49350649350649345,0.15705128205128202,0.1508889258120794,0.9999999999999999,0.6866498740554157,0.1749550629119233,0.24468318213974918,0.6486486486486487,0.614275414563807,0.4414587332053742,0.4057507987220447,0.28292682926829266,0.5647058823529412,0.439276953164743,0.4666004171535278,0.45454545454545436,0.84375,0.6574585635359118,0.47285009044669635,0.2666666666666657,0.29565217391304366,0.3666666666666666,0.5417584618465852,0.29450000000000004,0.29450000000000004,0.3719376391982182,0.7640449438202244,0.4909005237087573,0.08409436834094366,0.20337065426095577,0.1779533483822423,0.44526454380919966,0.34972677595628454,0.29783393501805056,0.44322624096819996,0.46435416694710197,0.49622771136630206,0.4368805843689021,0.5005905127263709,0.49931538246340956,0.1821862348178138,0.7060305728204268,0.8421558468013663,0.8150107200248722
용산구,0.6025104602510462,0.5263157894736843,0.6896551724137936,0.22308389181165272,0.18520584476490848,0.854867256637168,0.31628303495311183,0.16968698517298275,0.5321637426900585,0.16666666666666666,0.14428995013253065,0.32432432432432434,0.33687144848289907,0.2535211267605635,0.7169445521519966,0.20443587270973962,0.6666666666666666,0.7689419146306682,0.0,0.5428571428571427,0.1914893617021285,0.3421052631578946,0.052083333333333925,0.8289473684210527,0.13102370408960665,0.21838177533385703,0.5389610389610389,0.0032051282051281937,0.0951441389050428,0.5780358598207008,0.1410579345088161,0.08208508088675855,0.12388796023264403,0.6621621621621621,0.3421052631578947,0.5681381957773511,0.6523961661341853,0.13170731707317068,0.6666666666666667,0.1920211623463978,0.20105271204394315,0.45454545454545436,0.46875,1.0,0.20130048693433403,0.08888888888888857,0.0,0.09999999999999998,0.2124974964950931,0.07350000000000001,0.07350000000000001,0.05345211581291759,0.5393258426966288,0.17010057001500206,0.0,0.07610029406177692,0.11700526711813392,0.264717196662309,0.36612021857923516,0.14801444043321302,0.41343146947759,0.4819941393833346,0.5355937913021398,0.0,0.13384656376638937,0.8664236853973915,0.0,0.19418780446833533,0.7397130933437412,0.8364093507980095
은평구,0.18410041841004177,0.10526315789473673,0.44827586206896797,0.6888220655329738,0.6650129805129928,0.6477876106194689,0.16794543904518333,0.26194398682042763,0.21052631578947367,0.16666666666666666,0.009198526438743878,0.5135135135135135,0.07127157714163182,0.18309859154929597,0.6277626987204341,0.7810993249758921,0.0,0.8327787812529708,0.4112149532710281,0.5714285714285712,0.3404255319148959,0.4912280701754387,0.14583333333333304,0.513157894736842,0.037509768168793964,0.44540455616653574,0.5324675324675323,0.108974358974359,0.00749771537758577,0.03728606356968215,0.28463476070528965,0.0017974835230677028,0.0,0.813063063063063,0.9628695025234317,0.07293666026871393,0.0,0.8146341463414632,0.027450980392156765,0.7042471653534407,0.6811942384764069,0.45454545454545436,0.15625,0.5580110497237567,0.6962375296734379,0.1999999999999993,0.25217391304347836,0.6,0.5936310835169236,0.476,0.476,0.06458797327394208,0.5337078651685387,0.6699486900516334,0.7406773211567732,1.0,0.8295711060948081,0.12344292899811254,0.9617486338797816,0.4476534296028881,0.604043428274494,0.1855977541526702,0.8133782836133943,0.0,0.09890274625091877,0.9013613230622921,0.052631578947368446,0.3495716445489669,0.5694677988217536,0.3250913340657364
종로구,0.7112970711297072,0.4736842105263157,0.4137931034482776,0.07051561920146693,0.04738890151811831,1.0,0.5123614663256608,0.45057660626029605,0.39766081871345027,0.5,0.44631385057729456,0.3783783783783784,0.1832582824059183,0.19718309859154903,0.9348584722760755,0.06750241080038577,0.0,0.853455651677916,0.046728971962616495,0.6285714285714299,0.4680851063829792,0.5614035087719297,0.33333333333333304,0.736842105263158,0.9999999999999999,0.6252945797329145,0.5194805194805194,0.3173076923076923,0.45434909030489323,0.5228198859005705,1.0,1.0,0.48838971007143345,0.6351351351351351,0.014059120403749015,0.9999999999999999,1.0,0.04146341463414632,1.0000000000000002,0.05508766773307408,0.049359527371605205,0.36363636363636354,0.03125,0.7127071823204423,0.05472258960022,0.24444444444444358,0.17391304347826086,0.06666666666666665,0.0,0.10350000000000001,0.10350000000000001,0.24498886414253898,0.0,0.04604773849023175,0.7642694063926939,0.0006707867626365928,0.023702031602708812,0.007704247735880965,0.10928961748633892,0.32671480144404336,0.5140987350985509,0.2947136699081411,0.7710174697847467,0.47580016567807426,0.39366903463172065,0.6061797148677872,0.028340080971659937,0.34285234335629095,0.5325403578723047,1.0
중구,0.7280334728033474,1.0,0.48275862068965836,0.0,0.0,1.0,0.5490196078431375,0.6021416803953867,0.2807017543859649,0.3333333333333333,0.25836740194977315,0.0,0.17682534577034414,0.08450704225352057,0.9782861574253585,0.0,0.0,0.8366764901606616,0.3738317757009346,0.7285714285714278,0.2978723404255348,0.38596491228070173,0.34375,1.0,0.4719979161239906,0.3770620581304007,0.6493506493506493,0.09935897435897437,0.9999999999999999,0.6385493072534637,0.5420654911838791,0.5038945476333133,1.0,0.5292792792792793,0.0,0.5278310940499039,0.9290734824281148,0.06341463414634146,0.9529411764705882,0.0,0.0,0.7272727272727273,0.71875,0.2928176795580111,0.0,0.13333333333333286,0.13478260869565228,0.0,0.008812337272181031,0.0,0.0,1.0,0.37359550561797716,0.0,0.4421613394216134,0.0025064936147333196,0.0,0.44171907156364865,0.7049180327868854,0.07581227436823107,0.5927354574832118,0.16006975085219433,0.9212998172118825,0.29379707767681784,0.701076608603479,0.29900531505226624,0.036437246963562764,0.38467999328069885,0.9988580952628978,0.7088076783623731
중랑구,0.36401673640167365,0.21052631578947367,0.4137931034482776,0.5704937894300246,0.5132278973097194,0.4831858407079648,0.31116794543904547,0.6136738056013167,0.14619883040935677,0.16666666666666666,0.11137068152208095,0.2432432432432433,0.07269218398198778,0.323943661971831,0.7386583947266381,0.6562198649951785,0.3333333333333333,0.6572868143359634,0.4672897196261676,1.0,0.2978723404255348,0.48947368421052617,0.4375,0.7105263157894739,0.0,0.7069913589945012,0.5454545454545454,0.009615384615384609,0.04357398022763147,0.05796658516707417,0.31687657430730476,0.020371479928100636,0.019924371904913953,0.5878378378378378,0.7653208363374189,0.4049904030710173,0.2913738019169329,0.6512195121951219,0.18431372549019587,0.5037361941690501,0.5278193353936205,0.9999999999999998,0.4375,0.2762430939226519,0.5390810166695038,0.022222222222222143,0.4478260869565218,0.3666666666666666,0.4930903264570399,0.267,0.267,0.11804008908685967,0.6685393258426964,0.4980033347809471,0.38013698630136983,0.006314347213285738,0.8702031602708804,0.19490069664413767,0.6448087431693992,0.26534296028880866,0.9457307308237828,0.04965681176953596,0.1704564141470124,0.4751085027407085,0.6849442423151024,0.3149566990324013,0.31174089068825916,0.42482781790693774,0.7741797647534301,0.5526320422120796
